Lat,Long,YY,LoAge,UpAge,Ex,Pf
14.7006,-17.454,2008,2,10,54,1
14.7277,-17.4906,2008,2,10,41,1
14.746,-17.4744,2008,2,10,52,1
14.6851,-17.4497,1933,2,10,50,24
14.705,-17.455,1966,0,15,481,95
14.7099,-17.4498,2014,1.1,4.9,12,1
14.6945,-17.4518,1996,0,99,981,37
14.766,-17.433,1949,0,7,75,3
14.6887,-17.4379,1994,0.1,88,87,7
14.7428,-17.5131,1967,2,9,1438,364
14.7438,-17.5228,1967,2,9,569,219
14.6926,-17.4309,1994,0.1,88,106,3
14.6856,-17.442,1994,0.1,88,75,0
14.7293,-17.4905,2008,2,10,46,1
14.7266,-17.4454,1996,0,99,1574,8
14.671,-17.426,1994,0.1,88,52,3
14.6945,-17.4455,1942,5,15,184,131
14.6945,-17.4455,1968,0,15,711,266
14.6945,-17.4455,1994,0.1,88,95,2
14.6945,-17.4455,2008,2,10,48,3
14.7279,-17.443,1945,0.5,6,349,164
14.7175,-17.4542,1922,0,3,636,73
14.7175,-17.4542,1923,0,3,636,99
14.671,-17.436,1922,0,15,703,386
14.671,-17.436,1924,0,15,366,155
14.671,-17.436,1934,0,5,400,74
14.673,-17.437,1967,2,9,50,13
14.673,-17.437,1988,0,12,32,2
14.7441,-17.4444,2012,0.9,4.9,23,0
14.7457,-17.472,2008,2,10,52,2
14.675,-17.4509,2008,2,10,51,2
14.7254,-17.4551,1996,0,99,1952,1
14.7563,-17.4411,2010,0.6,5.7,15,0
14.7476,-17.4438,2010,0.6,5.8,19,2
14.6927,-17.4531,2010,0.8,5.3,17,0
14.734,-17.4509,2010,0.9,5.3,20,0
14.706,-17.4622,2010,0.8,4.8,16,0
14.685,-17.4494,1994,0.1,88,96,1
14.7213,-17.4536,2008,2,10,29,1
14.758,-17.468,2008,2,10,53,3
14.6867,-17.4519,1921,5,15,90,16
14.6934,-17.4661,1994,0.1,88,30,1
14.6927,-17.4708,1942,5,15,184,132
14.6948,-17.4503,1994,0.1,88,112,3
14.6948,-17.4503,1996,0,99,1891,1
14.681,-17.4655,1994,0.1,88,117,2
14.7038,-17.4529,1967,0,15,218,12
14.7038,-17.4529,2008,2,10,41,1
14.7335,-17.4494,2014,1.2,4.4,13,0
14.683,-17.4575,1994,0.1,88,62,0
14.714,-17.434,1949,0,7,110,8
14.718,-17.434,2008,2,10,52,0
14.7258,-17.4294,1996,0,99,1927,23
14.734,-17.419,1996,0,99,2290,6
14.7337,-17.4292,1996,0,99,2286,8
14.7462,-17.4717,2008,2,10,47,0
14.7109,-17.461,1996,0,99,1437,2
14.7269,-17.4632,1996,0,99,1380,5
14.6938,-17.4434,2008,2,10,48,0
14.681,-17.439,1964,0,99,349,113
14.7459,-17.472,2008,2,10,52,1
14.6747,-17.4395,1994,0.1,88,42,0
14.691,-17.453,1929,0,14,50,9
14.691,-17.453,1966,0,10,737,55
14.691,-17.453,2013,1.9,4.3,16,0
14.691,-17.453,2014,1.3,4.9,12,0
14.6881,-17.4477,1942,5,15,184,106
14.6828,-17.4527,1942,5,15,184,71
14.685,-17.4494,1921,0,15,152,53
14.685,-17.4494,1922,5,15,106,52
14.749,-17.514,1949,0,7,88,7
14.7111,-17.4527,1996,0,99,1627,1
14.6764,-17.4514,1994,0.1,88,55,0
14.735,-17.484,1922,0,15,13,9
14.735,-17.484,1949,0,7,111,7
14.7569,-17.4347,2014,0.8,4.9,17,0
14.7451,-17.4342,2012,0.8,4.5,17,0
14.6962,-17.4603,1996,0,99,1342,8
14.674,-17.444,1942,5,15,184,101
14.7167,-17.4609,2008,0.7,5,51,0
14.7619,-17.4323,2008,0.5,5,22,0
14.7474,-17.4462,2008,0.7,5,15,0
14.7121,-17.4586,2014,0.7,4.8,14,0
14.6698,-17.4354,1921,5,15,100,24
14.751,-17.467,1949,0,7,76,4
14.751,-17.467,1967,0,15,375,35
14.751,-17.467,2012,0.6,4.9,15,0
14.751,-17.467,2014,0.6,4.5,16,0
14.6995,-17.4352,1996,0,99,1378,94
14.7709,-17.4046,2008,2,10,44,2
14.7867,-17.3744,2010,1,5.8,16,2
14.7825,-17.3905,2010,0.6,5.3,24,0
14.7687,-17.3818,2010,0.7,5.5,28,0
14.7828,-17.376,2008,2,10,44,1
14.7666,-17.4128,2008,2,10,44,1
14.7666,-17.4128,2014,1.6,4.9,10,0
14.77,-17.4148,2008,2,10,22,1
14.7803,-17.3917,2008,2,10,51,3
14.7659,-17.4148,2008,2,10,54,1
14.7645,-17.3509,2008,2,10,37,2
14.7648,-17.3872,2008,2,10,52,1
14.7462,-17.3,2008,2,10,54,1
14.7539,-17.3945,2008,2,10,53,2
14.7512,-17.3954,1968,0,15,1536,881
14.7527,-17.3964,1968,0,15,2022,566
14.7526,-17.3544,1922,0,15,77,32
14.7555,-17.3495,1922,10,15,247,106
14.7637,-17.3481,1922,0,15,15,5
14.7625,-17.3619,1942,5,15,184,76
14.7716,-17.3237,2008,2,10,49,0
14.7463,-17.3228,2008,2,10,47,0
14.7681,-17.3919,2010,0.9,5.7,16,0
14.7482,-17.39,2010,0.8,5.8,17,0
14.7727,-17.3756,2010,0.7,5.3,18,0
14.757,-17.3855,2010,0.8,5.2,19,0
14.7538,-17.3688,2010,0.5,5.8,18,0
14.75,-17.3642,2014,0.7,4.8,36,0
14.7469,-17.3864,2014,0.6,4.8,16,0
14.7622,-17.4154,2008,2,10,52,2
14.736,-17.4126,2008,2,10,49,2
14.766,-17.316,1949,0,7,84,9
14.766,-17.316,1967,2,9,136,57
14.766,-17.316,1995,0,99,433,33
14.766,-17.316,2014,0.9,4.6,25,0
14.7431,-17.3168,2008,2,10,52,3
14.801,-17.334,1949,0,7,63,13
14.801,-17.334,1967,2,9,187,64
14.801,-17.334,1995,0,99,367,22
14.739,-17.327,1949,0,7,85,6
14.739,-17.327,1967,2,9,156,26
14.7637,-17.3479,2008,2,10,47,3
14.7597,-17.3961,1967,2,9,290,78
14.7597,-17.3961,1979,0.5,6,279,22
14.7597,-17.3961,1980,0.5,6,253,16
14.7597,-17.3961,1981,0.5,6,245,33
14.7597,-17.3961,1987,2,9,385,11
14.7597,-17.3961,1988,2,9,435,14
14.7597,-17.3961,2014,0.6,4.9,17,0
14.765,-17.3742,2008,2,5,87,0
14.749,-17.3851,2008,0.5,5,22,0
14.7461,-17.3783,2008,2,10,47,1
14.7452,-17.3846,1922,0,15,25,17
14.7452,-17.3846,2012,0.8,4.9,20,0
14.7444,-17.3769,1945,0.5,6,350,177
14.7444,-17.3769,1949,0,7,120,4
14.754,-17.375,1922,0,15,29,10
14.7538,-17.3812,2008,2,10,56,1
14.7596,-17.3861,2008,2,10,48,4
14.768,-17.368,1949,0,7,64,3
14.768,-17.368,2014,0.8,4.8,23,0
14.7996,-17.1836,1967,2,9,195,33
14.7,-17.237,1967,0,15,555,66
14.7431,-17.173,1967,2,9,51,22
14.7832,-17.1306,2011,0.8,5.9,19,0
14.8688,-17.1966,2010,0.7,5.7,33,1
14.7186,-17.2844,2010,0.9,5.5,19,0
14.7868,-17.2394,2010,0.8,5.8,18,0
14.7062,-17.1553,2012,0.6,4.7,14,0
14.7321,-17.2826,2008,2,10,30,1
14.712,-17.266,1966,5,15,110,41
14.7187,-17.2615,2008,2,10,47,1
14.722,-17.271,1905,0,3,25,9
14.722,-17.271,1906,0,3,11,4
14.722,-17.271,1922,2,15,80,37
14.722,-17.271,1966,0,15,42,14
14.722,-17.271,1967,0,15,122,6
14.722,-17.271,2014,0.8,4.8,30,0
14.72,-17.28,2013,0.8,4.6,23,0
14.69,-17.22,2012,0.6,4.4,11,0
14.8107,-17.2514,1967,2,9,140,17
14.8107,-17.2514,2013,0.5,4.8,68,2
14.8107,-17.2514,2014,0.6,4.8,42,0
14.749,-17.133,1950,0,9,195,51
14.749,-17.133,1967,0,15,733,126
14.7152,-17.2712,2008,0.5,4.9,23,1
14.8002,-17.1857,2008,0.8,5,24,3
14.8076,-17.283,2013,0.8,4.5,18,0
14.6345,-17.1699,1967,2,9,224,31
14.6345,-17.1699,2013,0.6,4.3,17,0
14.6532,-17.135,2013,0.5,4.8,23,0
14.7972,-17.1704,2012,0.5,4.5,21,0
14.939,-16.494,1963,0,15,967,186
14.939,-16.494,2014,0.8,4.9,51,0
14.701,-16.459,1922,5,15,24,5
14.701,-16.459,1968,0,14,100,26
14.701,-16.459,2014,0.8,4.9,33,0
14.898,-16.468,1960,0,14,68,24
14.8967,-16.5983,2011,1,5.9,15,0
14.73,-16.5477,2011,0.7,5.9,28,0
14.7751,-16.5636,2011,1.1,5.3,21,0
14.6853,-16.3197,2011,0.7,5.9,28,1
14.6565,-16.512,2011,0.7,5.8,17,0
14.7166,-16.3,1960,0,14,189,92
14.8467,-16.3911,2012,0.5,4.8,51,0
14.8666,-16.5166,1960,0,14,65,5
14.801,-16.535,1963,0,15,1914,490
14.8906,-16.6496,1965,0,14,134,42
14.651,-16.585,1972,0,14,139,28
14.734,-16.418,2014,0.7,4.8,35,0
14.6348,-16.4406,1963,0,15,2109,791
14.6348,-16.4406,2014,0.7,4.9,49,0
14.9719,-16.429,2009,0.8,5,31,0
14.6995,-16.4988,2009,0.5,5,36,0
14.65,-16.35,1960,0,14,44,1
14.5959,-16.3519,2011,1.3,5.8,15,0
14.6147,-16.1962,2011,1,5.8,25,0
14.8425,-16.2085,2011,0.9,5.8,15,0
14.6584,-16.2343,2011,0.4,5.7,24,0
14.658,-16.236,1922,5,15,57,31
14.658,-16.236,1968,0,14,100,48
14.658,-16.236,2012,0.7,4.9,78,4
14.658,-16.236,2014,0.7,4.9,116,1
14.9066,-16.3538,2012,0.6,4.9,47,0
14.85,-16.1833,1960,0,14,54,4
14.6481,-16.0522,2013,0.5,4.9,83,0
14.8967,-16.3311,2013,0.5,4.8,41,0
14.884,-16.218,1963,0,15,793,414
14.736,-16.119,1965,0,15,692,286
14.6162,-16.2907,2013,0.5,4.9,54,2
14.6615,-16.2049,2009,0.7,5,36,0
14.8972,-16.2041,2009,0.8,5,19,0
14.8,-16.3,2014,0.8,4.9,46,0
14.7833,-15.7333,1951,0,9,100,60
14.8112,-15.8899,2003,0,14,230,1
14.8112,-15.8899,2004,0,14,117,0
14.832,-15.8852,2003,0,14,223,0
14.832,-15.8852,2004,0,14,126,0
14.832,-15.8852,2014,1.1,4.9,22,0
14.7323,-16.0393,2014,0.5,4.7,37,0
14.8811,-15.8294,2010,0.7,5.8,22,2
14.9035,-15.888,2010,0.9,5.1,18,0
14.8773,-15.9175,2011,0.8,5.9,20,0
14.7972,-15.8813,2011,0.7,5.4,15,2
14.8015,-15.8561,2010,0.6,4.9,22,2
14.8966,-15.8401,2010,0.7,5.8,24,1
14.8253,-15.9183,2010,0.6,5.7,24,3
14.6656,-15.9576,2011,0.5,5.9,24,1
14.8334,-15.9329,2011,0.7,6,19,0
14.929,-15.8574,2010,0.5,5.3,17,0
14.8162,-15.8991,2011,0.8,6,24,0
14.85,-15.7833,1960,0,14,109,29
14.65,-16.05,1960,0,14,18,15
14.65,-16.05,1968,0,15,969,507
14.8473,-16.0121,1960,0,14,53,15
14.79,-15.907,2014,0.7,4.8,38,0
14.7666,-15.9666,1960,0,14,31,19
14.8367,-15.8863,2008,0.5,5,38,5
14.855,-15.8942,2008,0.5,5,30,1
14.8608,-15.8671,2008,1,4.9,22,1
14.8618,-15.869,2008,0.5,5,15,0
14.8476,-15.8456,2009,0.6,5,21,0
14.8588,-15.8806,2008,0.6,5,21,0
14.8774,-15.8991,2008,1,5,22,0
14.9221,-16.0451,2008,0.7,5,26,0
14.868,-15.894,2014,0.8,4.8,166,0
14.9368,-15.6763,2013,0.5,4.8,199,11
14.4031,-16.6465,2013,0.7,4.8,22,0
14.3133,-16.6082,2011,1.5,5.9,15,0
14.4419,-16.4822,2011,0.8,5.9,20,1
14.4194,-16.5751,2011,0.6,5.4,20,0
14.3357,-16.4036,2011,0.6,5.8,24,0
14.4837,-16.399,2011,1.2,5.9,17,0
14.5322,-16.3579,2011,0.6,5.9,29,0
14.346,-16.4206,2011,0.6,6,16,0
14.566,-16.2485,2011,0.6,5.9,18,2
14.0199,-16.7497,1965,0,14,82,26
14.0199,-16.7497,1967,2,9,50,44
13.983,-16.766,1995,0,10,124,31
13.983,-16.766,1996,0,10,94,0
14.467,-16.3,1966,0,15,953,482
14.467,-16.3,2014,0.8,4.9,40,0
14.3745,-16.2154,2013,0.7,4.9,37,0
14.443,-16.4833,2014,0.7,4.9,53,0
14.184,-16.667,2014,0.9,4.4,14,0
14.496,-16.506,2001,2,15,529,285
14.496,-16.506,2002,2,18,616,191
14.496,-16.506,2003,2,18,461,109
14.367,-16.434,2002,0.2,4.9,30,10
14.35,-16.533,1966,0,14,189,83
14.1,-16.667,1965,0,15,592,256
14.1,-16.667,1996,0,10,116,0
14.1,-16.667,1997,0,10,182,2
14.34,-16.426,1970,0,99,331,24
14.34,-16.426,2013,0.6,4.5,30,0
14.34,-16.426,2014,0.7,4.7,20,0
14.134,-16.667,1950,0,9,100,17
14.134,-16.667,1964,0,15,877,229
14.3781,-16.3174,2012,0.8,4.8,27,0
14.534,-16.417,2002,0.2,4.9,95,9
14.449,-16.522,2002,0.2,4.9,92,43
14.467,-16.534,2002,0.2,4.9,166,102
14.469,-16.475,2002,0.2,4.9,125,41
14.3138,-16.6097,2014,0.6,4.8,42,0
14.532,-16.351,1972,0,14,141,18
14.05,-16.685,1995,0,10,260,115
14.05,-16.685,1996,0,10,108,0
14.05,-16.685,1997,0,10,100,2
14.534,-16.351,1966,0,14,189,59
14.3833,-16.3167,1962,0,15,428,282
14.4333,-16.5333,1963,0,14,23,13
14.402,-16.418,1966,0,14,136,64
14.0833,-16.7,1960,0,14,70,36
14.53,-16.267,2014,0.8,4.8,30,2
14.401,-16.167,1972,0,14,166,55
14.483,-16.297,1966,0,14,208,61
14.518,-16.451,2002,0.2,4.9,59,12
14.5,-16.472,2002,0.2,4.9,57,19
14.534,-16.425,1995,0,9,417,342
14.534,-16.435,1966,0,14,245,108
14.534,-16.435,2002,0.2,4.9,51,11
14.534,-16.435,2013,0.8,4.8,27,0
14.497,-16.505,1972,0,14,191,52
14.483,-16.4,1965,2,9,130,36
14.483,-16.4,1970,15,99,225,4
14.483,-16.4,1971,0,4.9,674,367
14.483,-16.4,1972,0,4.9,634,373
14.483,-16.4,1973,0,4.9,331,190
14.483,-16.4,2014,0.5,4.8,36,0
14.5609,-16.363,1966,0,15,822,309
14.5609,-16.363,1970,15,99,262,23
14.482,-16.399,1972,0,14,149,53
14.5668,-16.3839,1965,0,14,202,55
14.5668,-16.3839,2012,0.7,4.7,40,1
14.529,-16.489,1964,0,14,125,43
14.529,-16.489,2002,0.2,4.9,125,40
14.515,-16.437,1972,0,14,139,92
14.515,-16.437,2002,0.2,4.9,87,23
14.0446,-16.6807,2008,0.5,5,89,11
14.339,-16.4075,2008,0.6,5,22,2
14.401,-16.516,1966,0,14,95,39
14.15,-16.65,1995,0,10,194,75
14.15,-16.65,1996,0,10,81,2
14.15,-16.65,1997,0,10,103,3
14.471,-16.361,1966,0,14,252,86
14.471,-16.361,1972,0,14,206,113
14.4344,-16.6217,2013,0.5,4.3,26,0
14.53,-16.481,2001,2,15,511,284
14.53,-16.481,2002,2,18,409,141
14.53,-16.481,2003,2,18,342,99
13.8199,-16.3213,2011,0.7,5.4,23,4
13.6818,-16.3348,2011,0.9,5.8,33,0
13.9096,-16.226,2011,0.5,6,34,0
13.8091,-16.3822,2011,0.5,5.8,30,2
14.1225,-16.4694,2011,0.6,6,15,0
14.13,-16.3973,2011,0.5,5.9,26,0
13.716,-16.418,1989,5,15,85,63
13.716,-16.418,1990,2,9,50,40
13.716,-16.418,1992,1,84,77,50
13.716,-16.418,1999,0,92,280,109
13.716,-16.418,2005,0,94,245,53
13.716,-16.418,2010,0,99,338,3
13.933,-16.334,2014,0.6,4.8,63,0
13.934,-16.752,1995,0,10,114,8
13.934,-16.752,1996,0,10,134,0
13.934,-16.752,1997,0,10,90,6
14.067,-16.334,1996,2,9,100,18
14.067,-16.334,2014,0.6,4.9,32,0
13.9166,-16.6833,1960,0,14,31,4
14.0621,-16.3373,2013,0.5,4.8,28,0
14.123,-16.476,1906,0,3,15,12
13.61,-16.43,2014,0.7,4.9,21,0
13.7833,-16.4129,1989,0,15,64,45
13.6518,-16.3236,2010,0.5,14,319,26
13.6402,-16.3108,2010,0.5,14,399,39
13.6043,-16.3156,2010,0.5,14,361,39
13.6502,-16.3611,2013,0.5,4.9,62,0
13.6222,-16.3694,2010,0.5,14,364,63
13.8096,-16.3895,1989,0,15,67,57
13.6833,-16.5,1960,0,14,89,70
14.0438,-16.4301,1960,0,14,18,7
13.683,-16.383,1993,2,9,101,25
13.683,-16.383,1997,0,99,110,15
13.683,-16.383,2002,3.4,76.9,217,41
13.683,-16.383,2010,0.5,14,136,4
13.88,-16.378,1964,2,9,871,353
13.88,-16.378,1965,2,9,400,151
13.852,-16.7207,1968,0,15,2645,1273
13.7737,-16.3388,2013,0.7,4.8,37,6
13.983,-16.266,2014,0.9,4.7,18,0
13.7,-16.4,1989,5,15,131,38
14.0543,-16.3133,2008,0.6,4.9,22,0
13.9488,-16.2306,2008,1,5,23,3
13.6923,-16.6313,2009,0.6,5,17,0
13.6655,-16.1834,2009,0.5,5,32,1
13.881,-16.38,1965,2,9,276,154
13.881,-16.38,1968,0,15,971,481
13.881,-16.38,2013,0.5,4.8,33,0
14.0838,-16.481,2013,0.7,4.3,20,0
13.783,-16.47,2014,0.8,4.9,40,0
14.4237,-16.2142,2011,0.7,5.9,16,0
14.2698,-15.9541,2011,1,4.7,18,0
14.4665,-15.9223,2011,0.6,5.7,26,0
14.2354,-16.1277,2011,0.8,6.3,15,0
14.4907,-16.0685,2011,0.7,5.8,13,0
14.498,-16.07,2014,0.5,4.8,27,0
14.531,-15.76,2014,0.6,4.9,55,0
14.436,-16.051,1968,0,15,1201,688
14.436,-16.051,2012,0.5,4.9,35,0
14.4629,-15.9212,2008,0.5,4.9,28,1
14.492,-16.1585,2008,0.7,5,26,1
14.3678,-15.8505,2008,0.6,5,25,2
14.418,-16.101,1965,2,9,708,178
14.418,-16.101,1967,0,15,851,423
14.2752,-15.3109,1960,0,14,45,30
14.1284,-15.7439,1969,0,15,1984,949
14.1284,-15.7439,2014,0.8,4.8,26,0
13.984,-15.402,1967,0,14,42,16
14.2835,-15.5333,2012,0.8,4.8,38,4
14.2835,-15.5333,2014,0.7,4.9,63,0
14.05,-15.434,1967,0,14,49,25
14.4244,-15.5664,2011,1.2,5.5,14,0
14.1017,-15.5388,2011,0.7,5.8,30,0
14.0276,-15.1842,2011,0.8,5.9,12,1
14.1389,-15.5968,2011,1.1,5.8,15,2
14.0887,-15.5516,2011,0.7,5.5,17,0
14.2893,-15.5332,2011,0.5,5.9,25,1
13.9677,-15.5895,2011,0.6,5.9,22,1
13.8422,-14.9338,2010,0.8,5.7,23,5
13.8282,-15.4955,2011,0.8,6,24,0
14.1016,-15.4907,2011,0.5,5.8,35,2
14.4577,-14.7058,2011,0.6,5.2,22,1
13.8309,-15.6378,2011,0.6,5.4,19,1
13.9505,-15.288,2011,0.7,5.9,17,1
13.9454,-15.608,2011,1.1,5.9,23,0
14.2013,-15.7155,2011,0.5,5.9,25,0
13.9713,-14.8041,2011,0.5,5.8,24,0
14.2941,-15.1879,2011,0.5,5.9,19,1
13.7828,-15.4271,2012,0.6,4.9,47,1
14.15,-15.5333,1960,0,14,23,2
14.03,-15.4,2014,0.5,4.8,66,0
14.15,-15.1833,1960,0,14,50,27
14.28,-14.93,2014,0.5,4.7,39,0
13.9876,-14.6644,2013,0.7,4.8,42,2
14.1217,-15.6931,2012,0.7,4.8,20,0
14.1217,-15.6931,2014,0.6,4.3,50,0
14.1321,-15.5533,2013,0.6,4.6,47,0
13.9462,-15.4078,2013,0.6,4.9,47,1
13.9462,-15.4078,2014,0.5,4.3,46,0
14.169,-15.62,1905,0,3,15,7
14.169,-15.62,1906,0,3,15,5
13.833,-15.501,1967,0,14,165,82
14.137,-15.8294,2013,0.6,4.8,33,0
13.9568,-14.8222,2013,1.1,4.6,19,0
13.9568,-14.8222,2014,0.6,4.8,37,0
14.216,-14.73,2014,0.8,4.8,39,0
13.917,-15.67,2014,0.5,4.9,53,0
13.8072,-14.9501,1967,0,14,205,32
14.0358,-15.0243,2012,1.2,4.7,26,0
14.0843,-15.2946,2013,0.6,4.9,37,0
14.5453,-15.2515,2014,0.7,4.9,38,3
13.834,-15.316,1967,0,14,50,29
14.359,-15.75,2014,0.6,4.9,33,0
14.3666,-14.8666,1960,0,14,30,9
13.834,-15.368,1967,0,14,140,78
14.3,-15.184,1996,2,9,213,15
14.0307,-15.6445,2013,0.5,4.9,43,0
14.3646,-15.2002,2013,0.6,4.8,52,0
14.183,-15.434,1996,2,9,145,38
14.284,-14.933,1996,2,9,180,16
14.018,-15.45,1967,0,14,17,5
14.0166,-15.5666,1960,0,14,22,9
13.801,-15.166,1967,0,14,31,19
14.366,-14.685,1996,2,9,124,33
14.366,-14.685,2014,0.8,4.9,43,1
14.0927,-15.3852,2014,0.8,4.9,43,0
13.8659,-14.9119,2013,0.8,4.9,38,0
14.1153,-15.5485,2008,0.5,4.9,19,3
14.1237,-15.7693,2009,0.9,5,34,5
13.9797,-15.6852,2009,1.7,5,15,1
14.0674,-15.6702,2009,0.6,5,25,4
13.9374,-15.4149,2009,1,5,17,8
13.8451,-15.5569,2009,0.8,5,26,3
13.9781,-14.798,2009,0.5,5,20,0
14.2789,-14.9292,2009,1,5,17,0
13.932,-14.7035,2009,1,5,18,1
14.0324,-14.6747,2009,1.1,5,27,5
13.987,-15.1153,2009,0.5,5,34,2
14.4904,-14.6412,2009,0.6,5,27,0
14.3853,-15.5241,2008,0.5,5,24,0
14.3585,-15.3806,2008,0.8,4.9,19,5
14.6834,-15.3929,2008,0.5,5,15,1
14.2848,-15.4833,2008,0.5,5,20,0
14.3946,-15.6208,2008,0.5,5,26,0
14.1654,-15.525,2008,0.8,5,18,7
14.1133,-15.2182,2008,0.6,5,45,5
14.1467,-16.0739,2011,0.6,5.9,38,7
14.1577,-16.0831,2011,1.1,5.9,18,0
14.1464,-16.0906,2010,0.8,5.9,26,2
14.1659,-16.068,2011,1.3,5.4,17,3
14.3537,-16.1462,2011,0.6,6.2,15,0
13.9771,-15.7844,2011,0.5,5.8,25,3
14.0231,-16.1823,2011,0.5,5.3,36,0
13.9137,-15.9322,2011,0.8,5.8,25,3
13.9847,-16.1381,2011,0.5,5.8,20,0
13.952,-16.153,1964,0,15,1493,621
14.23,-16.17,2014,0.5,4.6,40,0
14.2394,-16.2729,1964,2,9,653,272
14.0333,-15.9833,1960,0,14,56,30
14.142,-16.101,1905,0,3,20,16
14.142,-16.101,1906,0,3,22,10
14.142,-16.101,1922,1,15,106,66
14.142,-16.101,1968,0,14,100,52
14.142,-16.101,2013,0.5,4.8,135,2
14.142,-16.101,2014,0.6,4.7,163,0
14.0187,-16.1344,2013,0.6,4.9,47,0
13.9865,-16.0603,2010,0,9,999,3
14.067,-15.933,2014,0.7,4.9,40,0
14.084,-16.168,2014,0.6,4.9,45,0
13.9477,-16.1548,2013,0.6,4.8,42,0
14.2939,-16.2093,1965,0,15,715,270
14.2939,-16.2093,2013,0.6,4.7,31,0
14.139,-16.121,2013,0.6,4.9,46,0
14.3658,-16.1337,1962,0,15,272,189
14.1512,-16.0738,2008,2,4.9,29,1
14.1408,-16.08,2008,0.6,5,43,2
14.2401,-16.2731,2009,1.2,5,23,2
13.9168,-15.93,2009,0.5,5,26,0
13.9085,-16.0179,2008,0.5,5,20,1
13.9849,-16.1417,2008,0.5,5,16,1
13.9542,-16.1834,2008,0.5,5,27,2
14.024,-15.7867,2009,0.5,5,29,2
13.9854,-15.8909,2009,0.5,5,36,3
13.9049,-15.8383,2009,0.5,5,24,1
13.9613,-15.8292,2009,0.5,5,19,0
13.9833,-15.9833,1960,0,14,80,42
14.2617,-16.2522,2013,0.8,4.8,47,0
14.2279,-16.3024,2013,0.7,4.9,38,0
14.1063,-15.8698,2014,0.8,4.5,47,0
13.6907,-15.7774,2010,0.5,6,29,0
13.8403,-15.9517,2011,0.5,5.3,21,1
13.7876,-16.0146,2011,0.5,5.9,21,0
13.724,-15.5496,2011,0.8,5.8,27,0
13.6279,-15.6562,2011,0.7,5.8,17,0
13.7507,-15.7849,2011,0.6,6.4,15,0
13.7596,-15.973,2011,0.8,6,25,0
13.624,-15.9785,2010,1.1,5.9,15,0
13.8818,-16.0018,2011,0.6,5.8,21,1
13.784,-16.018,1967,0,14,38,24
13.833,-15.967,2014,0.6,4.8,61,0
13.7166,-15.5666,1960,0,14,19,4
13.834,-16.1,2014,0.5,4.9,62,0
13.602,-15.584,1967,0,15,1296,681
13.602,-15.584,2012,0.5,4.8,58,4
13.602,-15.584,2014,0.5,4.9,95,2
13.7,-16.0833,1960,0,14,28,12
13.8166,-15.5833,1960,0,14,68,45
13.75,-15.783,2014,0.6,4.3,25,0
13.785,-15.818,1968,0,15,1443,602
13.785,-15.818,2013,0.6,4.8,50,0
13.7,-15.834,2014,0.6,4.8,53,0
13.7182,-15.7736,2009,0.8,5,25,0
13.7821,-15.6028,2008,0.6,4.9,18,1
13.6055,-15.659,2008,1.4,5,21,0
13.6981,-15.4613,2008,0.6,5,25,0
13.8515,-15.8479,2009,0.5,5,40,2
13.7421,-15.6805,2009,0.5,5,16,2
13.6377,-16.0097,2008,0.8,5,17,0
13.8472,-16.0533,2008,0.9,4.9,18,1
13.7614,-15.9083,2012,0.5,4.8,50,2
13.753,-16.069,1967,0,15,1140,619
13.753,-16.069,2013,0.6,4.8,33,0
13.08,-14.35,2014,0.6,4.9,57,5
13.2743,-15.2345,2013,0.5,4.9,94,13
12.7,-14.4833,1950,0,9,72,6
12.7,-14.4833,2013,0.6,4.8,28,6
12.884,-14.484,1964,2,9,248,132
12.884,-14.484,1966,0,15,325,172
12.8923,-14.9305,2010,1,5.8,21,0
13.3191,-14.656,2011,0.6,5.8,32,2
12.7027,-14.4189,2010,1.1,5.2,23,1
13.5299,-15.1254,2011,0.8,5.9,26,0
12.8537,-14.2473,2011,1.2,5.8,20,8
13.027,-14.8622,2011,0.6,5.4,24,1
12.8995,-14.9429,2010,0.8,5.1,18,0
12.8888,-14.4541,2010,0.7,5.4,20,0
13.0316,-15.1084,2011,0.9,6,17,1
12.8012,-15.0653,2010,0.7,5.9,26,0
12.8,-14.3833,1960,0,14,54,27
12.7642,-14.6213,2013,0.5,4.8,45,25
12.818,-14.868,1963,0,15,677,269
12.818,-14.868,2014,0.5,4.9,29,11
13.058,-14.559,1950,0,14,209,11
12.8338,-15.0394,2012,1.1,4.8,17,8
13.298,-14.585,1969,0,15,1427,755
12.901,-14.947,1950,0,14,100,15
12.901,-14.947,2013,0.5,4.9,51,1
12.901,-14.947,2014,0.5,4.8,50,0
12.68,-14.9,2014,0.8,4.9,37,0
12.934,-14.217,2014,0.7,4.9,40,22
13.3249,-14.777,2013,0.6,4.8,39,1
13.29,-14.715,1966,2,9,248,72
13.29,-14.715,1968,0,15,562,196
13.167,-15.034,2014,0.5,4.6,41,0
13.3333,-14.7833,1960,0,14,48,30
13.2554,-14.464,2013,0.5,4.9,34,3
12.6833,-14.8666,1960,0,14,11,6
12.8994,-14.9388,2008,0.7,4.9,26,0
12.7441,-14.9069,2008,0.9,5,31,17
12.9202,-14.2033,2008,0.5,5,19,11
12.7971,-14.5373,2008,0.5,5,24,8
13.0797,-14.3569,2008,1,5,16,3
13.2366,-15.0489,2008,0.5,5,29,12
12.8205,-15.041,2013,0.6,4.8,33,0
12.601,-15.6588,2012,0.6,4.9,46,0
12.7236,-15.9888,2013,0.8,4.9,45,1
12.996,-15.785,1960,0,14,37,34
13.0747,-15.7136,2014,0.9,4.8,43,0
12.96,-15.84,2014,0.7,4.9,29,0
13.2833,-15.718,1960,0,14,59,35
13.053,-15.701,1964,2,9,337,155
13.053,-15.701,1969,0,15,379,250
12.6666,-15.3839,2011,1,5.8,21,0
12.5449,-15.4806,2011,0.5,6.1,29,0
12.992,-15.7174,2011,0.9,5.5,13,0
12.7247,-15.8111,2011,0.5,5.9,16,0
12.7554,-15.8192,2011,0.5,6,28,0
12.7034,-15.5556,2011,0.7,6,16,0
13.27,-15.6403,2011,1.1,5.4,14,0
12.6195,-15.6601,2011,0.9,5.9,23,0
12.8925,-15.39,2011,0.5,5.9,16,0
12.5691,-15.9036,2011,0.8,4.5,22,0
12.8249,-15.5018,2011,0.9,5.8,17,0
12.7546,-15.522,2011,0.9,6.2,14,0
13.0614,-15.6399,2011,0.9,5.3,16,0
13.0557,-15.3903,2011,0.5,6.1,18,1
12.5433,-15.5841,2011,2.1,5.9,14,0
12.7092,-15.5672,2011,0.6,5.6,17,0
13.2716,-15.5183,2011,1.3,5.9,18,2
12.78,-15.9423,2011,0.8,5.7,31,0
12.5176,-15.6963,2011,1.2,5.9,19,0
12.9882,-15.9423,2011,2,5.5,28,2
13.032,-15.4854,2013,0.5,4.9,30,0
12.8333,-15.2333,1960,0,14,79,35
12.61,-15.71,1968,0,15,630,374
12.7898,-15.5581,1964,2,9,617,328
12.7898,-15.5581,2014,0.6,4.9,27,1
12.7099,-15.4798,2013,0.5,4.9,34,0
12.5089,-15.7005,2013,0.7,4.9,33,1
12.767,-15.566,1964,0,15,702,373
12.6187,-15.7714,2013,0.5,4.9,53,0
13.084,-15.618,2014,0.5,4.9,46,0
12.7036,-15.4789,2012,1,4.8,20,0
12.7036,-15.4789,2014,0.5,4.9,29,0
12.9907,-15.7164,2012,0.6,4.9,37,0
12.768,-15.84,1960,0,14,31,14
12.7459,-15.4725,1960,0,14,67,28
12.5833,-15.55,1960,0,14,69,35
12.801,-15.2162,2013,0.6,4.7,32,1
12.85,-15.95,1960,0,14,93,78
12.835,-15.981,1964,2,9,534,219
12.835,-15.981,1969,0,15,555,392
12.835,-15.981,2014,0.8,4.8,36,0
13.0552,-15.6427,2013,0.6,4.3,22,0
12.867,-15.333,2014,0.7,4.9,43,2
12.85,-15.55,1950,0,14,55,3
12.8734,-15.6901,1960,0,14,64,52
12.8734,-15.6901,2014,0.9,4.9,36,0
12.708,-15.576,1905,0,3,18,9
12.708,-15.576,1922,2,99,56,25
12.708,-15.576,2013,0.5,4.8,66,1
12.708,-15.576,2014,0.5,4.8,29,1
12.5732,-15.8752,2008,0.5,5,13,1
12.6257,-15.5207,2009,1,5,18,0
12.7779,-15.4689,2009,0.5,5,23,0
12.6527,-15.4266,2009,0.6,5,17,0
12.7907,-15.1319,2009,0.8,5,35,6
12.5895,-15.544,2009,0.6,5,29,2
12.4929,-15.58,2008,0.5,5,17,1
12.5441,-15.8077,2008,0.5,5,21,1
12.7055,-15.552,2008,1,5,16,0
12.8283,-15.9811,2008,0.6,5,26,2
12.6861,-15.9738,2008,1,5,25,0
12.8721,-15.604,2008,0.5,5,26,0
12.6252,-15.634,2008,0.7,4.9,25,1
13.0254,-15.5568,2008,0.8,5,19,3
13.0899,-15.5734,2009,0.9,5,18,2
13.2849,-15.4882,2009,0.5,5,22,9
12.55,-15.784,2014,0.9,4.8,38,0
12.627,-15.516,2014,0.6,4.5,40,0
12.652,-15.426,1968,0,15,652,383
13.2439,-15.4967,2012,0.6,4.9,29,9
12.51,-15.52,2014,0.8,4.9,30,0
13.034,-13.934,1967,0,15,350,156
13.0483,-13.9386,2010,0,10,500,47
13.0375,-13.9384,2010,0,10,500,56
13.0333,-13.86,1960,0,14,18,11
13.217,-13.783,1960,0,14,15,9
13.1491,-14.2031,2010,0.7,5.9,28,6
13.0974,-14.1316,2011,0.7,5.3,21,0
12.932,-14.0756,2011,0.6,5,15,1
13.1008,-13.7599,2011,0.7,5.8,19,0
13.1461,-14.1248,2011,0.5,5.8,15,0
13.0187,-13.5677,2011,0.5,6,26,0
12.9523,-13.7474,2011,1.2,5.8,10,4
12.7882,-14.2427,2010,0.5,5.8,42,7
12.8594,-14.1267,2011,0.5,5.9,25,10
13.1177,-13.7605,2011,0.8,5.7,15,5
12.92,-14.12,2014,0.7,4.7,19,0
12.967,-14.034,2012,0.5,4.5,37,3
12.967,-14.034,2014,0.8,4.9,44,8
13.12,-14.17,2014,0.5,4.8,36,0
12.931,-14.08,1967,0,15,509,133
12.8779,-13.9842,2003,0,14,256,43
12.8779,-13.9842,2004,0,14,160,8
13.1833,-14.3,1960,0,14,22,13
13.135,-13.756,2014,0.7,4.1,27,5
13.218,-14.084,2003,0,14,188,27
13.218,-14.084,2004,0,14,113,1
12.7891,-13.8368,2013,0.5,4.9,26,10
13.1393,-14.1225,2008,0.6,5,15,0
13.1172,-14.1553,2009,0.7,4.9,18,0
12.9128,-14.1408,2009,0.8,5,21,2
13.0307,-14.0354,2009,0.9,5,14,2
12.7542,-13.865,2009,0.5,5,22,7
13.125,-13.7592,2009,0.5,5,17,0
13.1491,-13.7677,2009,0.5,5,24,4
13.147,-14.115,1960,0,14,48,42
13.147,-14.115,2010,0,9,766,93
13.147,-14.115,2014,1.3,4.9,14,1
12.8218,-13.6605,2012,0.5,4.9,97,1
12.745,-14.158,2014,0.5,4.9,35,0
15.2219,-16.1271,1960,0,14,39,6
15.101,-16.168,2014,0.5,4.8,36,0
15.042,-16.046,1964,0,15,817,102
15.042,-16.046,1965,2,9,153,48
15.042,-16.046,2013,0.7,4.8,31,0
15.4048,-16.3924,2010,0.8,5.2,17,0
15.2732,-16.525,2010,0.9,5.3,25,0
15.2151,-16.0924,2010,1,5.8,15,0
15.3302,-16.1745,2010,0.8,5.9,18,0
15.3653,-16.5466,2010,0.7,5.1,18,0
15.2639,-16.1806,2012,0.7,4.9,34,0
15.384,-16.133,1967,0,14,82,19
15.1552,-16.0373,1968,0,15,1232,622
15.374,-16.441,2014,0.3,4.8,33,0
15.2773,-16.109,2013,0.8,4.8,30,0
15.499,-16.399,1964,0,99,340,115
15.28,-16.518,1964,0,15,366,38
15.28,-16.518,2014,0.5,4.8,44,0
15.1715,-16.0214,1960,0,9,11,4
15.45,-16.5833,1960,0,14,36,4
15.2081,-15.901,2014,0.7,4.8,50,1
15.1264,-15.8736,2008,1.1,4.9,18,0
15.0414,-16.0446,2008,0.5,5,25,0
15.2539,-16.1228,2008,0.6,4.9,18,0
15.3973,-16.5945,2008,0.5,5,19,0
15.184,-16.5771,2008,1,5,22,0
15.351,-16.318,2014,0.6,4.4,34,0
15.7166,-15.3333,1960,0,14,46,23
15.7166,-15.3333,1966,0,15,665,152
15.398,-15.659,2014,0.5,4.8,33,0
15.3474,-15.4783,1966,0,15,389,93
15.3474,-15.4783,2012,0.6,4.8,17,0
15.3474,-15.4783,2014,0.5,4.9,31,0
15.239,-14.7441,2010,0.7,5.1,16,1
15.4024,-15.5876,2011,0.8,5.7,16,0
15.3991,-15.6587,2010,0.9,5.9,32,1
14.9115,-15.1501,2010,0.8,5.8,20,1
14.7737,-15.3583,2012,0.5,4.9,28,1
15.2,-15.7167,1967,0,14,187,73
15.8296,-14.8129,2013,1.4,4.7,18,0
15.2401,-15.0181,2013,0.5,4.4,27,0
15.65,-15.35,2014,0.8,4.3,27,0
15.651,-15.351,1996,0,14,524,197
15.65,-15.3833,1960,0,14,47,11
15.216,-15.555,1965,0,15,311,48
15.216,-15.555,2012,0.5,4.9,13,0
15.3535,-15.4846,2008,0.6,5,21,0
15.4459,-15.625,2008,0.5,5,17,0
14.8199,-15.2961,2008,0.5,4.9,21,3
15.1417,-15.2292,2008,0.5,4.9,17,0
15.45,-15.136,1960,0,14,17,7
15.32,-15.52,2014,0.5,4.7,61,0
14.9333,-15.0666,1960,0,14,35,24
14.9333,-15.0666,2014,0.6,4.8,43,0
15.1833,-15.25,1960,0,9,74,39
15.586,-15.345,1905,0,3,12,5
15.5043,-15.9868,1966,2,9,815,138
15.5043,-15.9868,2013,0.5,4.8,49,0
15.7319,-16.2932,1960,0,14,56,0
15.6254,-15.9477,2010,0.5,5.8,14,0
15.6345,-16.1411,2010,1,5.7,29,0
15.8062,-16.2678,2010,0.5,5.2,20,0
15.5604,-15.8683,2010,1,5.9,29,0
15.6121,-16.2251,2010,0.6,5.8,25,0
15.6339,-16.2063,2010,0.7,5.5,19,0
15.6057,-16.2161,2010,0.6,5.8,20,0
15.8548,-16.2862,2010,0.6,5.8,16,0
15.5616,-16.0376,2010,0.7,5.9,24,0
15.4188,-16.1438,2010,1.3,5.9,17,0
15.983,-15.934,2004,1,9,188,26
15.917,-15.969,1966,0,15,974,222
15.917,-15.969,2012,0.8,4.8,41,0
15.611,-16.247,1905,0,3,16,1
15.611,-16.247,1922,0,15,80,31
15.611,-16.247,2007,0,99,2138,644
15.611,-16.247,2013,0.9,4.6,39,0
15.611,-16.247,2014,0.6,4.7,70,0
15.7833,-15.7666,1960,0,14,23,13
16.12,-15.87,2003,2,9,101,47
15.5075,-16.201,1966,0,15,1162,214
15.5075,-16.201,2013,0.9,4.8,39,0
15.65,-16.05,1960,0,14,55,14
15.9073,-15.9071,1965,2,9,642,191
16.18,-15.82,2003,2,9,120,22
15.7169,-16.2838,2012,0.7,4.9,29,0
15.733,-16.018,2014,0.5,4.8,61,0
15.684,-16.117,2014,0.5,4.8,33,0
15.7209,-16.5063,2007,0,12,73,11
15.6166,-15.7666,1960,0,14,48,21
15.601,-16.068,1966,0,15,735,167
15.4722,-15.8558,2008,1,4.9,18,1
15.6121,-16.2246,2009,0.5,5,27,0
15.4872,-16.0154,2008,0.8,5,15,0
15.6267,-16.1339,2009,0.5,5,19,0
15.7359,-16.4198,2009,0.6,5,28,0
15.9389,-15.9083,2009,0.5,5,17,0
15.351,-13.017,2014,0.6,4.8,57,0
15.15,-12.951,2014,0.8,4.9,37,0
15.0589,-12.7422,2013,0.5,4.9,53,0
15.1312,-12.8775,2010,0.5,5.8,23,0
15.3666,-13.1309,2010,0.8,5.7,24,0
15.4407,-13.0561,2010,0.8,5.8,16,0
15.036,-12.6988,2010,1,5.9,33,0
15.4959,-13.1733,2010,0.9,5.9,14,0
15.345,-13.0136,2010,1,5.9,25,0
15.4333,-13.1833,1960,0,14,51,33
15.4333,-13.1833,1977,2,10,23,2
15.35,-13.05,2014,0.5,4.8,52,0
15.283,-13.068,2014,0.5,4.8,35,0
15.4233,-13.1763,2012,0.5,4.8,35,0
15.199,-12.95,1969,0,15,2157,1106
15.196,-12.9434,2008,0.7,5,38,0
15.4873,-12.9668,2008,0.7,5,36,5
15.3167,-12.8694,2009,0.6,5,23,0
15.3653,-13.1314,2012,0.5,4.9,56,0
15.9923,-13.6579,2013,0.5,4.8,28,0
15.9923,-13.6579,2014,0.5,4.9,46,0
15.884,-13.501,2003,0,14,417,0
15.884,-13.501,2004,0,14,383,8
15.884,-13.501,2013,0.5,4.8,42,0
15.884,-13.501,2014,0.9,4.8,51,0
15.915,-13.5159,2012,0.7,4.8,30,0
15.4,-13.5333,1960,0,14,61,27
15.6122,-13.3187,2010,0.6,5.1,16,0
16.1256,-13.715,2010,0.9,5.8,15,1
15.9448,-13.5612,2010,0.8,5.9,30,1
15.9836,-13.6426,2010,1,4.5,22,0
15.8071,-13.4965,2010,0.8,5.8,22,0
15.996,-13.3765,2010,0.9,5.2,23,0
15.6587,-13.262,2010,0.9,5.5,13,0
15.8781,-13.4328,2010,1.3,5.8,26,0
16.0346,-13.4209,1905,0,3,17,4
15.832,-13.452,1977,2,10,28,9
16.133,-13.489,1905,0,3,10,4
15.7052,-13.3522,2013,0.8,4.7,27,0
15.68,-13.256,1905,0,3,10,6
15.68,-13.256,2011,0.1,5,339,1
15.68,-13.256,2012,0.7,4.8,10,0
15.68,-13.256,2014,0.5,4.9,49,0
15.8095,-13.4063,2012,0.6,4.8,50,0
15.8095,-13.4063,2014,0.6,4.9,52,0
15.635,-13.251,1977,2,10,33,12
15.55,-13.2972,2013,0.9,4.7,14,0
15.55,-13.2972,2014,0.6,4.7,47,0
15.6516,-13.393,2012,0.7,4.6,19,2
15.599,-13.317,1967,0,15,1230,472
15.599,-13.317,2013,0.6,4.9,37,0
15.599,-13.317,2014,0.8,4.6,19,0
16.0461,-13.726,2008,0.7,5,35,0
16.0472,-13.4289,2008,0.9,5,19,0
15.8853,-13.4858,2008,0.7,5,22,0
15.7905,-13.2769,2008,0.5,5,25,1
15.69,-13.4156,2008,0.8,5,18,0
15.5145,-13.2697,2009,0.6,4.9,15,0
16.074,-13.513,1977,2,10,47,21
15.967,-13.592,1969,0,15,515,236
15.967,-13.592,2014,0.6,4.9,35,0
15.7,-13.2833,1960,0,9,30,18
15.126,-13.6542,2014,0.5,4.8,25,0
15.262,-14.46,1996,0,14,321,110
16.4006,-16.0757,1994,0.1,10,105,0
16.4006,-16.0757,1995,0.1,10,117,2
16.4006,-16.0757,1996,0.1,10,107,1
16.501,-15.501,1905,0,3,61,6
16.501,-15.501,1906,0,3,17,5
16.5,-15.501,1968,0,14,100,32
16.5,-15.501,2011,0.1,5,333,0
16.4621,-15.6694,2010,0.5,5.8,18,0
16.4799,-15.9891,2010,0.8,5.8,28,0
16.4581,-15.701,2010,0.8,5.5,18,0
15.9816,-15.4491,2010,0.6,5.1,18,0
16.2145,-16.3813,2010,0.6,5.8,18,0
16.204,-15.693,1965,0,15,747,219
16.3615,-16.0846,2013,0.5,4.8,27,0
16.3615,-16.0846,2014,0.9,4.8,26,0
16.5784,-15.4529,2012,0.5,4.9,36,0
16.46,-15.688,1998,5,15,511,57
16.46,-15.688,2013,0.5,4.8,32,0
16.184,-15.918,1996,0,14,703,42
16.3944,-16.0031,2003,0,14,270,20
16.3944,-16.0031,2004,0,14,153,3
16.401,-16.015,1993,0.1,10,261,1
16.401,-16.015,1994,0.1,10,89,0
16.401,-16.015,1996,0,10,27,1
16.247,-16.353,1993,0.1,10,119,0
16.247,-16.353,1994,0.1,10,103,1
16.247,-16.353,1996,0,10,20,0
16.266,-15.801,1995,0.1,10,107,16
16.266,-15.801,1996,0.1,10,252,9
16.266,-15.801,2014,0.5,4.5,35,0
16.516,-15.583,1995,0.1,10,114,42
16.516,-15.583,1996,0.1,10,123,22
16.516,-15.583,2004,1,9,149,13
16.389,-16.08,1995,0,10,127,0
16.389,-16.08,1996,0,10,107,1
16.266,-15.884,1995,0.1,10,105,18
16.266,-15.884,1996,0.1,10,92,4
16.548,-15.436,1995,0.1,10,113,23
16.548,-15.436,1996,0.1,10,107,31
16.4613,-15.6876,2009,0.1,5,329,2
16.4613,-15.6876,2014,0.7,4.9,25,0
16.4887,-15.9848,2012,0.7,4.6,25,0
16.2761,-16.1364,1965,2,9,148,28
16.5,-15.82,2014,0.6,4.7,41,0
16.23,-15.8,2003,2,9,111,19
16.5226,-15.5081,2008,0.8,5,15,0
16.5114,-15.5007,2008,0.5,5,16,0
16.5784,-15.4529,2008,0.5,4.9,22,0
16.3791,-15.7139,2008,0.6,5,20,0
16.1653,-15.5556,2008,0.6,5,15,0
16.4612,-15.691,2009,0.6,5,35,0
16.3799,-15.8102,2009,1,5,18,0
16.1959,-16.2625,2009,0.5,4.9,22,0
16.2741,-16.1366,2009,0.8,5,17,0
16.175,-15.9132,2009,0.6,4.9,15,0
16.333,-16,1985,1,10,442,136
16.33,-15.77,2003,2,9,105,17
16.4,-15.72,2003,2,9,100,25
16.451,-14.319,1982,0,99,148,8
16.451,-14.319,1983,0,99,148,7
16.591,-15.086,1977,2,10,31,0
16.3836,-14.0669,1969,0,15,1443,515
16.632,-15.002,1977,2,10,45,9
16.583,-15.151,1977,2,10,43,9
16.5297,-15.1703,2010,1,5.8,22,0
16.1344,-13.958,2010,1.2,5.2,16,0
16.2374,-13.9738,2010,1.2,5.2,10,0
16.4966,-14.4678,2010,1.2,5.8,14,0
16.5489,-14.754,2010,1.1,5.7,21,0
16.4923,-15.0224,2010,1.3,5.3,21,0
16.5228,-14.8165,2010,1.6,5.8,16,0
16.5,-14.435,1990,0,9,131,13
16.5,-14.435,1991,0,9,97,9
16.516,-14.434,1990,0,9,46,4
16.516,-14.434,1991,0,9,63,7
16.4843,-14.4259,2013,0.8,4.7,24,0
16.334,-14.217,2014,0.6,4.9,36,0
16.551,-15.234,2014,0.5,4.8,44,0
16.516,-14.701,2014,0.5,4.9,40,0
16.4885,-14.4459,2012,0.8,4.3,18,0
16.5395,-14.8011,2012,0.5,4.7,37,0
16.067,-13.817,2014,0.5,4.9,35,0
16.191,-14.014,2004,1,9,62,3
16.191,-14.014,2006,3,8,117,30
16.294,-14.138,2014,0.5,4.9,24,0
16.2153,-14.0542,2012,0.6,4.9,29,0
16.583,-14.982,1977,2,10,29,1
16.4985,-15.0475,2012,0.6,4.9,46,2
16.504,-14.643,1967,2,9,300,115
16.504,-14.643,2014,0.6,4.9,21,0
16.1144,-15.0803,2013,0.6,4.8,30,0
16.653,-14.972,1905,0,3,15,1
16.653,-14.972,1950,0,9,108,42
16.164,-13.887,1969,0,15,592,215
16.2961,-14.1373,2008,0.5,5,20,0
16.265,-13.9575,2008,0.5,5,16,0
16.2153,-14.0542,2008,0.5,5,23,0
16.4367,-14.3769,2009,0.8,5,11,0
15.9957,-14.5345,2008,0.7,5,18,0
16.0649,-13.8848,2008,1,5,17,0
16.5837,-14.7749,2009,0.6,5,18,0
16.2553,-14.1021,2008,0.5,5,37,0
16.4855,-14.4285,2009,0.8,5,22,0
16.6095,-14.9728,2009,1,5,23,0
16.5384,-14.8041,2009,0.6,5,19,0
16.512,-15.092,1967,0,15,4112,1573
16.517,-14.621,1990,0,9,151,24
16.517,-14.621,1991,0,9,90,6
16.6,-14.9,1997,2,9,384,211
16.0133,-16.4965,2010,2.9,5.8,19,0
16.0249,-16.3588,2010,1.3,5.6,18,0
16.029,-16.4928,2010,0.5,5.8,25,0
15.9007,-16.5014,2010,0.8,5.1,13,0
15.95,-16.451,2014,0.5,4.9,20,0
16.036,-16.478,1905,0,3,31,6
15.8888,-16.504,2013,0.5,4.9,38,0
15.9156,-16.3969,1965,0,15,1164,186
16.0246,-16.4865,1905,0,3,35,5
16.0246,-16.4865,2013,0.6,4.9,52,0
16.0246,-16.4865,2014,0.6,4.5,100,0
16.018,-16.508,2009,0.8,5,16,0
16.0327,-16.5081,2009,0.9,4.9,18,0
16.0422,-16.508,2009,0.5,5,22,0
15.9854,-16.489,2008,0.5,4.9,29,0
15.9345,-16.4472,2009,1.2,5,20,0
15.9852,-16.377,2009,0.7,5,21,0
15.8876,-16.5078,2003,0,14,250,2
15.8876,-16.5078,2004,0,14,200,3
14.893,-12.462,1905,0,3,10,6
14.893,-12.462,1966,0,99,156,2
14.893,-12.462,2009,0.1,5,330,1
14.893,-12.462,2014,0.5,4.8,22,0
14.0235,-13.168,1965,2,9,472,215
14.0235,-13.168,1968,0,15,519,270
13.9166,-13.25,1960,0,14,49,46
13.833,-12.884,2014,0.6,4.6,30,3
14.417,-12.3,1960,0,14,27,27
14.417,-12.3,1968,0,15,280,143
13.8306,-12.8718,2011,0.5,5.8,11,1
14.7341,-12.5768,2010,0.5,5.9,29,0
14.1994,-13.313,2011,0.6,5.9,26,6
14.4863,-12.6329,2011,1.3,5.8,20,5
14.3873,-12.3707,2010,0.6,5.9,19,1
14.719,-12.4119,2014,0.7,4.9,34,1
14.8197,-12.346,1960,0,14,103,72
14.189,-12.706,1969,0,15,305,188
14.189,-12.706,2014,0.5,4.8,59,1
13.835,-12.516,1968,0,15,560,208
13.6516,-12.228,2014,0.5,4.8,55,14
14.7992,-12.5589,2008,0.5,5,27,11
13.6771,-12.6609,2008,0.6,5,38,9
13.8,-12.72,1960,0,14,58,43
12.6258,-12.4128,2010,0.5,14,54,11
12.717,-13.034,1967,0,14,105,42
12.65,-12.49,2003,2,9,84,57
12.534,-12.317,1967,2,9,40,30
12.534,-12.317,1969,0,15,120,84
12.534,-12.317,2010,0.5,14,140,8
12.534,-12.317,2012,0.7,4.8,66,7
12.534,-12.317,2014,0.6,4.8,57,5
12.6852,-12.4124,2010,0.5,14,127,45
12.8375,-11.8722,2012,0.8,4.2,37,8
12.8375,-11.8722,2014,0.6,4.7,45,0
13.256,-12.104,1960,0,14,62,54
12.5182,-12.336,2010,0.5,14,91,20
12.4572,-12.6472,2013,0.8,4.8,21,5
12.625,-12.783,2014,0.7,4.8,22,0
12.6322,-12.8181,2011,0.8,5.9,25,1
12.537,-12.3119,2011,0.7,5.9,15,2
12.5599,-12.1908,2010,0.5,5.6,11,0
12.4475,-11.4952,2010,1,5.8,31,6
13.1802,-12.0508,2011,0.9,5.1,21,2
12.7723,-11.667,2011,0.7,4.8,17,0
12.9199,-11.7256,2010,0.8,5.9,20,4
12.6664,-13.108,2010,1,5.8,23,1
12.5502,-12.8466,2011,0.6,6,21,6
12.4778,-11.9886,2012,0.5,4.6,29,2
12.5006,-12.4108,2010,0.5,14,55,25
12.5253,-12.3125,2010,0.5,14,74,9
12.6,-12.851,1960,0,14,47,39
12.6,-12.851,2013,0.9,4.8,22,8
12.434,-12.018,2014,0.5,4.9,29,0
12.5167,-12.3833,2010,0.5,14,339,38
12.5223,-12.3814,2010,0.5,14,74,16
12.554,-12.174,2014,1.7,4.9,81,2
12.5579,-12.1743,2013,0.9,4.8,41,1
13.1328,-11.9642,2013,0.5,4.9,50,9
13.1328,-11.9642,2014,0.5,4.8,54,3
12.55,-12.4,2003,2,9,110,66
12.55,-12.3666,1960,0,14,47,42
13.09,-11.7,2014,0.7,4.9,27,8
12.5,-12.3581,2010,0.5,14,77,23
12.631,-12.8159,2013,0.6,4.5,13,2
12.67,-12.5,2003,2,9,100,79
12.5166,-11.5666,1960,0,14,91,71
12.7109,-12.3806,2008,0.5,5,34,10
12.5011,-12.7938,1960,0,14,21,20
12.67,-12.33,2003,2,9,103,83
12.6383,-12.4194,2003,2,9,100,72
12.6383,-12.4194,2010,0.5,14,299,50
12.801,-12.301,2014,0.5,4.8,43,0
13.1509,-13.2311,1958,5,15,46,26
13.7865,-14.5222,2012,0.5,4.8,40,8
12.751,-13.286,1964,0,99,146,55
13.001,-13.402,1964,0,99,84,30
13.6574,-13.4756,1960,0,14,27,14
14.4266,-14.5438,2011,0.9,6,10,0
14.4296,-14.5438,2011,0.7,5.6,23,1
13.8353,-13.9609,2011,0.6,5,17,0
13.7657,-13.67,2011,0.7,6,39,0
13.8728,-14.3099,2011,0.8,5.9,29,0
14.2613,-13.5369,2011,0.8,5.9,26,8
14.1157,-14.4712,2011,0.7,6,24,1
13.6135,-13.5168,2011,0.8,6.1,24,6
13.6752,-14.2789,2011,0.9,4.8,18,0
13.7651,-13.6669,2010,0.5,5.9,22,0
13.638,-14.7096,2011,0.8,6,30,0
13.313,-13.284,2014,1.1,4.5,14,1
13.048,-13.468,1964,0,99,101,59
12.983,-13.384,1964,0,99,31,14
13.9313,-14.4674,2013,0.6,4.9,30,0
13.4166,-13.45,1960,0,14,30,21
13.7516,-14.7333,2013,0.5,4.8,40,0
13.779,-13.663,2013,0.6,4.9,29,1
13.5074,-13.7683,2012,0.5,4.9,33,6
13.983,-14.559,1968,0,15,690,346
13.983,-14.559,2014,0.7,4.7,40,0
13.868,-14.084,1964,2,9,185,67
13.868,-14.084,1965,2,9,213,48
13.868,-14.084,1967,0,15,150,94
13.868,-14.084,2012,0.5,4.4,31,17
14.1765,-14.4528,2013,0.5,4.9,32,0
14.1765,-14.4528,2014,0.8,4.8,37,1
13.6651,-14.2875,1968,0,15,490,285
13.6651,-14.2875,2014,0.5,4.9,86,19
13.6572,-14.2539,1966,2,9,96,42
13.941,-14.295,2014,0.5,4.8,51,0
13.5219,-13.5121,1965,2,9,231,97
13.5219,-13.5121,1968,0,15,360,230
13.5219,-13.5121,2013,0.5,4.9,98,0
13.5219,-13.5121,2014,0.9,4.9,21,2
13.7666,-13.9833,1960,0,14,18,16
13.7321,-13.9653,2012,0.7,4.7,34,7
14.3166,-14.4333,1960,0,14,40,22
13.851,-14.234,1967,0,14,109,34
13.9027,-14.3793,2009,1.1,5,23,9
14.0914,-14.202,2009,0.5,5,17,8
13.6574,-14.4712,2009,0.5,5,21,4
13.7733,-13.6683,2008,0.5,5,16,0
13.7581,-13.6848,2008,0.6,5,26,0
13.8692,-14.0765,2008,0.8,5,22,4
12.951,-13.351,1964,0,99,37,14
13.896,-13.796,2013,0.5,4.8,60,3
13.817,-13.917,2014,0.7,4.9,34,0
13.771,-13.679,2011,0.1,5,352,21
13.771,-13.679,2014,0.7,4.9,92,0
13.7539,-13.7586,2012,0.6,4.8,77,1
14.4317,-16.9621,1965,2,9,1175,319
14.4484,-16.7724,2011,0.7,5.9,23,0
14.4194,-16.9702,2010,0.6,4.5,21,0
14.5103,-16.8238,2011,0.8,5.8,23,2
14.2944,-16.9123,2011,0.6,5.9,16,0
14.1734,-16.7716,2011,0.8,5.7,11,0
14.4159,-16.9654,2010,0.8,5.7,15,0
14.1705,-16.8446,2011,0.8,5.9,15,0
14.633,-17.084,2014,0.9,4.9,23,0
14.4767,-16.704,1965,0,14,125,62
14.5379,-16.6136,1965,0,15,685,334
14.5379,-16.6136,2013,0.7,4.9,41,2
14.499,-16.554,2002,0.2,4.9,141,64
14.5309,-17.0966,1950,0,9,100,25
14.5393,-16.6739,1966,0,15,121,39
14.54,-16.68,1965,0,14,90,44
14.53,-16.6,1965,0,14,110,43
14.176,-16.852,2014,0.6,4.6,41,0
14.457,-16.954,2012,0.8,4.8,13,0
14.484,-16.835,1965,0,14,248,103
14.484,-16.835,1966,0,14,135,70
14.423,-16.966,1968,0,14,100,50
14.423,-16.966,2014,0.9,4.8,42,0
14.4998,-16.6254,1964,2,9,163,145
14.4998,-16.6254,1965,2,9,163,158
14.507,-17,1965,0,15,1061,266
14.266,-16.752,2014,0.6,4.9,57,0
14.5998,-16.9537,1974,2,9,147,96
14.607,-17.0165,1974,2,9,138,81
14.5007,-16.7894,1960,0,14,100,43
14.5007,-16.7894,2013,0.6,4.9,27,0
14.483,-16.667,1964,0,99,299,109
14.178,-16.8452,2009,1,4.9,15,0
14.4101,-16.9608,2009,1,4.9,22,0
14.5193,-16.8869,2009,0.6,5,17,0
14.4352,-16.6554,2009,0.5,5,20,0
14.4816,-16.6012,2009,0.5,5,22,3
14.401,-16.816,1965,0,14,80,42
14.515,-16.552,1965,0,14,84,42
14.45,-16.633,1964,2,9,243,95
14.45,-16.633,1966,0,15,627,254
14.418,-16.703,1950,0,9,100,31
14.418,-16.703,1965,0,15,568,219
14.7765,-16.9144,1943,0,15,400,216
14.7777,-16.9121,1942,5,15,184,140
14.7986,-16.6523,2011,0.8,6,19,0
14.7732,-16.9271,2011,0.8,5.9,33,0
14.8759,-17.103,2010,0.8,5.3,14,0
14.8113,-16.9154,2011,0.8,6,45,0
14.8243,-17.1114,1960,0,14,16,0
14.901,-17.084,2014,0.6,4.9,30,0
14.8555,-16.8638,2004,0,99,307,24
14.8555,-16.8638,2005,0,99,313,26
14.779,-17.1125,2013,0.7,4.9,35,0
14.741,-17.0668,1988,2,9,285,23
14.741,-17.0668,1989,2,9,313,33
14.7608,-16.6652,2013,0.7,4.9,32,0
14.7481,-17.0894,2013,0.7,4.7,38,0
14.7043,-16.6578,2013,0.7,4.9,46,0
14.6981,-16.8783,1963,2,9,249,23
14.6981,-16.8783,1965,0,15,924,273
14.6981,-16.8783,1967,2,9,592,193
14.6981,-16.8783,2014,1.2,4.8,22,0
14.5993,-16.909,1974,2,9,143,79
14.765,-17.069,1905,0,3,20,9
14.765,-17.069,1965,0,15,312,100
14.765,-17.069,1967,2,9,641,190
14.7793,-16.6884,2009,1,5,15,0
14.7064,-17.0633,2008,0.9,5,22,0
14.7839,-16.9257,2008,0.8,5,43,0
14.7403,-16.8364,2008,0.7,5,19,0
14.75,-16.8,2014,0.7,4.9,52,0
14.801,-16.926,1905,0,3,19,3
14.801,-16.926,1906,0,3,21,9
14.801,-16.926,1922,0,15,101,62
14.803,-16.923,1968,0,14,100,35
14.803,-16.923,2013,0.5,4.9,92,0
14.803,-16.923,2014,0.7,4.8,82,0
14.8833,-17.0833,1960,0,14,72,15
14.8172,-16.6673,2013,0.5,4.9,44,0
15.101,-16.834,2014,0.5,4.9,52,0
15.2507,-16.3691,2011,0.5,5.9,24,0
15.002,-16.8687,2010,0.5,5.3,17,0
14.9445,-16.6998,2010,1,5.9,15,0
15.0774,-16.5048,2011,2.3,5.7,10,0
14.9608,-16.8197,2010,0.7,5.5,19,0
15.067,-16.917,1966,0,15,29,13
15.067,-16.917,1991,2,9,50,4
14.9232,-16.828,1965,0,14,124,71
15.0833,-16.9,1960,0,14,78,10
15.0166,-16.8166,1960,0,14,23,2
15.016,-16.933,1964,0,99,367,164
15.1,-16.2333,1960,0,9,24,7
15.066,-16.634,2014,0.6,4.8,43,0
15.0333,-16.3833,1960,0,14,78,24
15.142,-16.887,2014,0.6,4.9,26,0
15.102,-16.552,1966,0,15,1025,490
14.865,-17.034,1905,0,3,10,4
15.129,-16.626,1922,0,15,144,69
15.084,-16.769,1965,2,9,404,72
15.084,-16.769,1967,0,15,462,211
15.084,-16.769,2013,0.6,4.7,53,0
14.931,-16.985,1951,0,9,100,19
14.931,-16.985,2013,0.6,4.8,37,1
14.967,-17.05,1991,0,10,298,10
14.967,-17.05,1993,0,10,175,0
15.067,-16.351,1966,0,15,1895,684
14.969,-16.901,1965,0,15,1015,395
14.9666,-16.9,1960,0,14,55,16
14.9666,-16.9,1964,2,9,322,89
14.9666,-16.9,1965,2,9,519,202
15.1133,-16.4158,2013,0.8,4.8,23,0
15.017,-16.701,2014,0.6,4.9,25,0
14.9894,-17.0073,2008,0.6,5,18,5
15.182,-16.7431,2008,0.5,5,33,1
15.2502,-16.7947,2008,0.5,5,16,0
14.914,-17.069,1991,0,99,336,19
14.914,-17.069,1992,0,10,94,3
14.914,-17.069,1993,0,10,65,0
15.034,-16.25,2014,0.7,4.7,34,0
14.951,-16.817,1905,0,3,19,5
14.951,-16.817,1922,0,15,48,26
14.953,-16.817,1968,0,14,100,51
14.953,-16.817,2013,0.6,4.9,26,0
13.1394,-16.5311,2013,0.6,4.9,35,0
12.6666,-16.0833,1951,0,9,102,33
12.6666,-16.0833,1952,0,9,100,26
12.667,-16.25,1950,0,9,100,55
12.667,-16.25,2013,1.3,4.8,11,0
12.816,-16.236,1905,0,3,22,18
12.816,-16.236,1906,0,3,20,8
12.816,-16.236,1950,0,9,100,32
12.816,-16.236,1951,0,9,100,22
12.816,-16.236,1968,0,14,100,59
12.816,-16.236,2013,0.7,4.8,14,0
12.8667,-16.3176,2011,0.6,5.2,17,1
12.9602,-15.9911,2011,0.5,5.3,16,1
12.9185,-16.7367,2011,1.1,5.6,13,0
12.7242,-16.4,2011,1.1,5.4,13,0
12.8024,-16.2448,2011,1,5.8,18,0
13.041,-16.607,1964,0,15,183,55
13.041,-16.607,2013,0.5,4.8,24,0
13.041,-16.607,2014,0.6,4.6,25,0
13.15,-16.2666,1960,0,14,69,69
12.951,-16.467,2014,0.6,4.9,45,0
12.934,-16.233,1950,0,9,100,42
12.923,-16.739,1964,0,99,92,61
12.867,-16.577,2014,0.8,4.9,29,0
12.8666,-16.7,1960,0,14,31,4
12.9166,-16.2666,1960,0,14,102,47
12.8833,-16.2166,1960,0,14,39,8
12.734,-16.334,2014,1,4.6,18,0
12.6666,-16.1333,1960,0,14,21,3
12.9666,-16.2333,1951,0,9,100,53
12.8209,-16.2163,2008,0.9,4.9,23,1
12.939,-16.1252,2008,0.6,5,15,2
12.7867,-16.0227,2008,0.5,5,31,0
13.0136,-16.4473,2008,0.8,5,16,1
12.983,-16.201,1950,0,9,100,56
12.983,-16.201,1964,0,15,160,73
12.983,-16.201,2014,0.5,4.8,24,0
12.801,-16.217,1964,2,9,186,90
12.801,-16.217,2013,0.5,4.9,43,0
12.733,-16.45,1964,0,15,702,332
12.417,-16.735,1964,0,99,48,25
12.3676,-16.7066,2011,0.8,5.8,15,0
12.4937,-16.5774,2011,0.7,5.3,17,0
12.4673,-16.78,2014,0.8,4.8,20,0
12.55,-16.5333,1960,0,14,13,1
12.352,-16.718,1963,0,15,150,60
12.352,-16.718,1964,0,99,106,66
12.517,-16.602,1963,0,15,500,246
12.566,-16.584,1992,7,14,150,80
12.566,-16.584,2012,0.6,4.8,20,2
12.468,-16.568,1960,0,14,40,5
12.493,-16.548,1950,0,9,100,36
12.467,-16.568,2014,0.5,4.9,15,0
12.5251,-16.5485,2009,1,4.9,15,0
12.5,-16.384,1960,0,14,18,4
12.5355,-16.1627,1960,0,14,22,19
12.5738,-16.253,2011,0.8,5.2,10,1
12.5724,-16.2745,2011,0.7,5.6,28,1
12.5655,-16.2828,2011,1,5.2,45,0
12.517,-16.451,2014,0.5,4.8,14,0
12.474,-16.368,1987,0,99,169,70
12.45,-16.23,2013,0.6,4.9,37,0
12.5665,-16.1832,1963,0,15,105,54
12.483,-16.368,1967,0,15,396,183
12.5333,-16.469,1950,0,9,100,49
12.5556,-16.2818,2008,1,5,40,1
12.5507,-16.2676,2008,0.7,5,34,0
12.578,-16.287,1905,0,3,20,7
12.578,-16.287,1950,0,14,100,32
12.578,-16.287,1951,0,14,100,22
12.578,-16.287,2012,0.5,4.9,81,1
12.578,-16.287,2014,0.7,4.8,115,0
